{
    "precision": 0.9411764705882353,
    "recall": 0.9795918367346939,
    "f1": 0.96,
    "accuracy": 0.96,
    "roc_auc": 0.9911964785914366
}