{
    "precision": 0.9423076923076923,
    "recall": 1.0,
    "f1": 0.9702970297029703,
    "accuracy": 0.97,
    "roc_auc": 0.9943977591036415
}